diggCount,followerCount,followingCount,friendCount,heart,heartCount,videoCount,commentSetting,downloadSetting,duetSetting,ftc,id,isADVirtual,openFavorite,privateAccount,relation,roomId,secUid,secret,stitchSetting,ttSeller,uniqueId,verified,start_time,end_time
5,15800,3,0,71700,71700,17,0,0,0,False,7280289522163057696,False,False,False,0,7285774064793291552,MS4wLjABAAAAS7KH2qDxboaTEFsKzgGTrs4Vz9fz4fIt6Jj_IoY-yYNOsR_thSUPf3dw_fXpMp84,False,0,False,controllermrlust_,False,1691863084,1696235555
1204,24,51,0,0,0,0,0,0,0,False,7279508861517251627,False,False,False,0,MS4wLjABAAAAlXmmTgJDah2-vzFU1ZlUCZwo4D6z4iUxpbVKFZ4QMXOiiO1mxFSRdAu_sa_pa0ec,False,0,False,olive0969,False,1691863084,1696235555
6,94800,16,0,4400000,4400000,134,0,0,0,False,7185682520527143982,False,False,False,0,MS4wLjABAAAA7p9JiNfQ1B0DVYShe9QAgLlE-3jx746P8z9xjzuD0Oyo_oZKjADgxCsLvmOXEDn2,False,0,False,cool3dworid,False,1691863084,1696235555
8,264900,0,0,6700000,6700000,139,0,0,0,False,7272457347715679278,False,False,False,0,MS4wLjABAAAA3ofr-04Rc2aiDgGwi2bM4syu5H0oUhDYUcXAV7N_3nfdysfGQnmAvpwDJH5lbV6g,False,0,False,marcanderson8_,False,1691863084,1696235555
942,90,183,0,362,362,19,0,0,0,False,6783563612793734150,False,False,False,0,MS4wLjABAAAAHrsEPqphDdCMFKnSC9UvXsuS3MDEwVqxGKczKUpjc01-ZkCvFpkYOzidmUCI2Oyn,False,0,False,topdollaxvi,False,1691863084,1696235555
1163,1300000,2,0,16600000,16600000,471,0,0,0,False,6855952724481180678,False,False,False,0,MS4wLjABAAAAPy7tHyDYrIyKtkxeHAhOofoWJTuB9jmSUzQBSVCwX0sTvnEqKL4nHIck6MidSzGg,False,0,False,mrlustfn,False,1691863084,1696235555
55600,894,273,0,17500,17500,9,0,0,0,False,6624221737267625989,False,False,False,0,MS4wLjABAAAAoO1T6KNRsaijKDKe29yFjjb5kc-WHv_BFqVpUhTKH_XdobF3HGcA0Qguh9mQEJsF,False,0,False,k3.heem,False,1691863084,1696235555
98700,616,740,0,25500,25500,138,0,3,3,False,6913427576660706309,False,False,False,0,MS4wLjABAAAA6LP64eJp93gVVP1AB7Qs2pvmcw4j_Kq5ngaiIX4GfBEZY7LFMSoKnimCjWxeUcVT,False,3,False,egut1errez_,False,1691863084,1696235555
1268,414600,152,0,8000000,8000000,1249,0,0,0,False,6768225759985026054,False,False,False,0,MS4wLjABAAAAqokIzW8_8_SnifaFA_rfl69yKLoTuC6GBumeEWZVMg30l4cBYvJr1Zfwp6IZ0ozU,False,0,True,chiassonsmoke,False,1691863084,1696235555
244,21600,472,0,2174,2174,78,0,0,0,False,7098946131100451886,False,False,False,0,MS4wLjABAAAA-nHbstZl6cBZE3wcIOeYtR8nw6GRCb6B4fSueMOeg5rip3wAFckSvKhFsmkbD5TR,False,0,False,gamehuang8,False,1691863084,1696235555
9740,71300,198,0,12200000,12200000,316,0,0,0,False,7242285958585254939,False,False,False,0,MS4wLjABAAAAt4r2Au5ta6744J-F7LTupXKORMpthy5z_bOZbQeVKwSxKKQJjjoGaYiYF9WFVu8c,False,0,False,abandonedaligator,False,1691863084,1696235555
1921,243000,597,0,2900000,2900000,689,0,0,0,False,6816163494913082370,False,False,False,0,MS4wLjABAAAAuRhwsCD1fMxnyxNQurVYpFBNSlA80-G2cV1WDId2aI56MPRjGtjVE2JyOHZEDiaP,False,0,False,yeswelder,True,1691863084,1696235555
1283,406000,178,0,2300000,2300000,127,0,0,0,False,6700559492831478790,False,False,False,0,MS4wLjABAAAAC9kAM-y5z9EX2GtGojxd3ktADHp-vYjEO-lXEggbkip11MgnPQKIJa3gdYCZ8_1L,False,0,False,foxman1x,False,1691863084,1696235555
89,2400000,124,0,49800000,49800000,916,0,0,0,False,6778427856869852165,False,False,False,0,MS4wLjABAAAA0ivrNniq0AboqKYnt70DFNBZ7JmZcgSnI_VrsZNU7npALVCIvo-d4MgfijkmayUT,False,0,False,thedoootiktok,False,1691863084,1696235555
1287,387400,102,0,12500000,12500000,964,0,0,0,False,6935806871509238789,False,False,False,0,MS4wLjABAAAAsNwxknQyxVLYYq_flbrWJ3cnMHevoN-Zx7vqieatTmoy5AS5rgCqklcwxGPFgiNx,False,0,False,jynxzi,False,1691863084,1696235555
1006,96400,41,0,1900000,1900000,49,0,0,0,False,7217894583119938567,False,False,False,0,MS4wLjABAAAARBUkkNiqqnrMBT0nTVsAKrRiU7N5Efvwfcp-aFzy7LaqGtMoaDrkqUcxXESI8wGc,False,0,False,uncensored_official,False,1691863084,1696235555
9,11600,3,0,111,111,6,0,0,0,False,7248847563704714282,False,False,False,0,MS4wLjABAAAARhQn-C7mIHWt82dXlclFqToIBud5Nvczk09_Tr2zV1l_IMLCjlwl4C1NoU-NqNGd,False,0,False,jimmy_gameing168,False,1691863084,1696235555
8942,30500,2183,0,0,0,0,0,0,0,False,7157233932927468587,False,False,False,0,MS4wLjABAAAARAAFP55NNfrUSzyd2aVMVu76QghwalM9GUF2BQbHiRWVs2cTtRwHdVm7T1S3PMtC,False,0,False,growhosteveday,False,1691863084,1696235555
13700,56700,87,0,2900000,2900000,58,0,0,0,False,6966339444791378950,False,False,False,0,MS4wLjABAAAAL1-rLgfx6dGagYNiltf4cqXv7y4VxSCMHfmophVyvD11SlFRTbGIirCfDLuEryJO,False,0,False,bootlegdeadpool,False,1691863084,1696235555
0,3,0,0,0,0,0,0,0,0,False,6988200113576182790,False,False,False,0,MS4wLjABAAAAbGWRAX6zAbBCSA99Z_RW8FPv96HVQQ8I7A2PMFNyMhCb_J_EqYepy28rESPGKgCT,False,0,False,david22green,False,1691863084,1696235555
1,1,8,0,0,0,0,0,0,0,False,6802051290618381317,False,False,False,0,MS4wLjABAAAAFfOv0398T6xw1V1eK7bhpxSAEFfoKHiWB_KfDBXGKnyC6oSejwbGDds2JOI6wp2R,False,0,False,user1991454121882,False,1691863084,1696235555
0,1,0,0,0,0,0,0,0,0,False,7200907167781356590,False,False,False,0,MS4wLjABAAAA21UFuaM4NqS7PrAdOX3k4CHR5FxymHvuR6LlmuesMac2AsT_KGO_8FOtwIAnMKGv,False,0,False,user1002479716394,False,1691863084,1696235555
147600,274,443,0,65300,65300,8,1,0,0,False,6694965642535994373,False,False,False,0,MS4wLjABAAAAxUzctASjUjrntbaYDm_WaLo4cpjqHUTieg2H_VFwY1P9AXgFAIXzW2BGiSGha3Uh,False,0,False,extrajordanairy,False,1691863084,1696235555
0,3,0,0,0,0,0,0,0,0,False,7178231489625064494,False,False,False,0,MS4wLjABAAAAODIJWCi0ZB_-JiwNUINwzvlI8ZCpiWzvWVhBGq4Tv9dJ6Gdee3C6MqEZ0YS-72BR,False,0,False,gangvwrld,False,1691863084,1696235555
225,14,45,0,28,28,7,0,3,1,False,6599767548941746181,False,False,False,0,MS4wLjABAAAAIIEDk4PU-LIRXsLGTMeE7FTZZ4728LWBhqcLQJosqnu9qfWlJ-6iep94O9_kK3N2,False,1,False,sunny_asthetics14,False,1691863084,1696235555
25900,195,799,0,0,0,0,0,0,0,False,6918594356219937798,False,False,False,0,MS4wLjABAAAAD6O91uLChb6uxJpcHQb8307J8sz9t1XiezOq7S4jhqHY23EGTCkOyXe-GLa4S4Fr,False,0,False,kanyewest458,False,1691863084,1696235555
958,28,15,0,0,0,0,0,0,0,False,6701130216100496390,False,False,False,0,MS4wLjABAAAAgXo6kKBmc4fLGj6uMrY26kN2oGggbDFL5u9N2ugTKkt_kaR1bBppkYaGBBcUhZfT,False,0,False,noahbecker06,False,1691863084,1696235555
644,70,96,0,689,689,1,0,3,1,False,6810292352545850374,False,False,False,0,MS4wLjABAAAAzSmBV-bcCVVeolx4CFBFQ3CjRK1Wux91Mu2kUS_49gMDFN81tmy0nYXyz6xbHXCA,False,1,False,dd2times05,False,1691863084,1696235555
1207,565700,213,0,5800000,5800000,475,0,0,0,False,6573278672638541833,False,False,False,0,MS4wLjABAAAA3_Pgmkfn28ewZQ_XFpVp7fUny8d51l0KQ7Dmju2OJ4xnAE5OWQ2xBcOkgJlVlTZK,False,0,False,nick.zei,False,1691863084,1696235555
21000,6500,7044,0,58000,58000,794,0,3,0,False,7197656002354086954,False,False,False,0,MS4wLjABAAAAue2ETCG8fSrN6xNnlFw-OMT7bU7HyS74ohQNzpMpFmWPuM4fka77kZWUjc0jeIE1,False,0,False,diabolical_druid,False,1683741629,1691862905
542,830400,66,0,11200000,11200000,204,0,0,0,False,6647287861014069254,False,False,False,0,MS4wLjABAAAAnGhR5caHWTXHZgwiEMugkuU61VzhXBUiPVA1pBukXDL0aKVbeBs_gPhAQ6WgVv5v,False,0,False,zexyzekyt,False,1683741629,1691862905
977,36,110,0,658,658,32,0,0,0,False,6933093919211160582,False,False,False,0,MS4wLjABAAAABItELM8tZ0gYcgSfmSFHvXOilYGNRoBycKvN0zL6PZtnkWAms2_F91UOh50pRJF4,False,0,False,dyg.unfazed,False,1683741629,1691862905
7,65100,0,0,6500000,6500000,236,0,0,0,False,7184497876411352069,False,False,False,0,MS4wLjABAAAAvAlHptA0JBHgJllPkzO-ELETR8NW3Utv4qG2IwNOQxI6dZrJSbtLbeZVtcppyjJI,False,0,False,badfriendclips,False,1683741629,1691862905
1509,361100,160,0,7400000,7400000,1662,0,0,0,False,6761149100287165446,False,False,False,0,MS4wLjABAAAAV1566zZzFdDCDwrZi5PbQs1XSa5-5GMsF6WxOffnNFQ-QmSpmUxWkSmXRXtq671D,False,0,False,mwi1994,False,1683741629,1691862905
0,955,0,0,144600,144600,124,0,0,0,False,7240909253469979694,False,False,False,0,MS4wLjABAAAA5ITMtrXfpdByopRuyP6gYH00c9q1XcFjp6TA4WUB2Oe3atYWtsR7nG4U_x0h9wKU,False,0,False,zherka_builder,False,1683741629,1691862905
10200,68,307,0,553,553,58,1,3,3,False,7072061292793824299,False,False,False,0,MS4wLjABAAAAbT0lHHo6N1UY0bg4s2uJMZEwdjPd3zp5yXZAZt5C4_Y8uV74MZShEZcYuQ9Qufhu,False,3,False,yofav_whitegirly,False,1683741629,1691862905
127,42900,535,0,390500,390500,374,0,0,0,False,7142094661493670917,False,False,False,0,MS4wLjABAAAAZn9kiu6QGv02m0RYR9hPb6C7YqiBd9NGaO64AWOdP42WiSCdM7M-5FoZg5B3LMLW,False,0,False,illuminatiusa77,False,1683741629,1691862905
1426,89700,24,0,1200000,1200000,385,0,0,0,False,7095328118420685870,False,False,False,0,MS4wLjABAAAASV18D17x8zNmRYMzmI3wfg9uN2ni5cN_sNAVipuMsw0bS0a83LwwyGzZmiGJcAPa,False,0,False,saometalworks,False,1683741629,1691862905
451,47300,140,0,300800,300800,36,0,0,0,False,7165089476014785538,False,False,False,0,MS4wLjABAAAADiNNRkbMLpZ6pRF_u0cdxwXG8PQtkkzNEkFpuT89gunIK2p9ZVows09khCkvqzZ5,False,0,True,ipangtama,False,1683741629,1691862905
0,23700,0,0,784200,784200,60,0,0,0,False,7251804811082482731,False,False,False,0,MS4wLjABAAAAVd_6yTO9KAnfIoYZaU5guqTspO0BGHokqaZ6blLje6dYPGsj_C8G8kpuqI_ex_uw,False,0,False,westernweldingacademy7,False,1683741629,1691862905
77,130500,3,0,4200000,4200000,117,0,0,0,False,7250512270881457195,False,False,False,0,MS4wLjABAAAAdyfMMuAcalXvmmPS3b5e_FzU_SOIYHUlbUhJgjhdMhVvxo-iIHiLCyVsVLekccVX,False,0,False,jretoons,False,1683741629,1691862905
597,278100,43,0,7700000,7700000,738,0,3,0,False,6989290227777946630,False,False,False,0,MS4wLjABAAAAGJpO6gCtoNiexsPXrMwz-Xb1GpacOhUypQKSB4S1Dbu51qu4nOpayk9xG7zEpsK8,False,0,False,arclabsweldingschool,False,1683741629,1691862905
27200,202,228,0,6785,6785,11,0,3,3,False,6974505348830331910,False,False,False,0,MS4wLjABAAAAqJpT3rDpsxWjt6wqbAUTY_AWiWbpU5awTekBagB2G8u25Ogla3FO_CE62r89mzSL,False,3,False,sammy.bibian,False,1683741629,1691862905
25300,443000,1018,0,26400000,26400000,1361,0,0,0,False,6857925965848151045,False,False,False,0,MS4wLjABAAAAwXO9RXsBtwz1YNocS8vv87NYNfZaO-GLslqsQ-erfAmU6OhT13eXrRauZEDp71EM,False,0,False,mitchgameartx,False,1683741629,1691862905
25000,249,536,0,8480,8480,53,0,3,3,False,7128815420923036718,False,False,True,0,MS4wLjABAAAATS25Y5Dn8Rb5eTwu-x_hinQkd9i-q64t_GDMN3UTVamdFHKSgEImQgSoUCoLqnh5,True,3,False,av3ryluvsmoney,False,1683741629,1691862905
152400,147,93,0,1586,1586,0,0,3,3,False,6594867542304227333,False,False,True,0,MS4wLjABAAAAOkSAaAUwjto2MFxDlL34YaXfkcEgd78Lk0kSg_iuo6UcLIR7YaVJIknNkH5jPpgd,True,3,False,usernamejiwuwuetetqyqo,False,1683741629,1691862905
62600,558,764,0,3950,3950,2,0,3,3,False,21379350,False,True,False,0,MS4wLjABAAAAH5rat51p31WAZmsVAWs7DFHp3IeYwXxlaMNSd3JDaFc,False,3,False,laraaaa.y,False,1683741629,1691862905
123000,943,84,0,5373,5373,51,0,0,0,False,6770751274717332486,False,False,False,0,MS4wLjABAAAAQA6rJO38do3uJoZ1DHQcYL6QbOhEYhTflTtHttpGWCoT3GpP8VFFPFqL7Pe7OFC6,False,0,False,dazecakess,False,1683741629,1691862905
547,58,17,0,983,983,62,0,0,0,False,7221557965821494318,False,False,False,0,MS4wLjABAAAAMyBt3HWQUMmHSPHWgHlKj_OFEWcGOe0Rmev5IqWkj3YI4vfEXPMP4Nh7ULcMbIYR,False,0,False,greencandleit,False,1683741629,1691862905
42300,696,220,0,7446,7446,3,0,0,0,False,7058065858267448326,False,False,False,0,MS4wLjABAAAAE1OQMuFTQfG-bb73EPMq7_vDSGUMPNdFMEBxkNF5jCUg_gugw6QJpJJI43H39K_O,False,0,False,stfu.alanii,False,1683741629,1691862905
364,467900,370,0,3000000,3000000,200,0,0,0,False,6907253035065590789,False,False,False,0,MS4wLjABAAAADNVIcMNy9RgT6gwrJ4zG9JeB3cSCzlPGtFobaPe3ZpND2v9YLmechaRIeFcaFMfc,False,0,False,butterbeankingof4round,True,1683741629,1691862905
128,92000,4,0,1500000,1500000,33,0,0,0,False,6946266586722616326,False,False,False,0,MS4wLjABAAAAjxeg7ngzbqNRCo9yz_2vjv5Gm7ziApSbCVyA5cXEEY2DLQc8LsY1jnz6JJIgwiaG,False,0,False,bill.wurtz.fan,False,1683741629,1691862905
0,24,0,0,31,31,1,0,0,0,False,7177660612669998123,False,False,False,0,MS4wLjABAAAA_hwtqnVdwQ-V_hqrhHgIDEKx9VQWrECvzX4mN0kdSIuoDhU_nLEfO-ZF6tcnkW6B,False,0,False,art_by_mathias,False,1683741629,1691862905
16,70200,3,0,1600000,1600000,238,0,0,0,False,7222759020550915118,False,False,False,0,MS4wLjABAAAAuefC9PHoYlt50V1uQbeMNM_gWzsi4I3BTwt3wGllOuUsgPrbrudeuO5pillIqf9h,False,0,False,hoffsterchess,False,1683741629,1691862905
5678,251,82,0,7209,7209,26,0,0,0,False,6822405464140923909,False,False,False,0,MS4wLjABAAAAVF-iaIB_-yS6ZNuy8-rBzlf8_A5Ja-4t0ryT0ypmnyYlnra3v7ImQxtFefPZphEJ,False,0,False,sqfyd,False,1683741629,1691862905
13000,243,727,0,1021,1021,5,0,3,1,False,6639039468366790662,False,False,False,0,MS4wLjABAAAA2wGSC_cGM3MvImCKPmH28lDL0xtJobRpOvMk_Wo07m60W1nnqPArQu6I3QDQCttD,False,1,False,aidantorres___,False,1683741629,1691862905
47,98700,0,0,997200,997200,31,0,0,0,False,7214935961145246725,False,False,False,0,MS4wLjABAAAAfqYU3MiYPO9YRP08IYIyTKw9ac_YX1yV6FyyeJ35XY7ZHmWS8VBkmgBUWxC8OaLl,False,0,False,life.with.christ10_,False,1683741629,1691862905
3247,456100,1028,0,5900000,5900000,993,0,0,0,False,6819753781720531973,False,False,False,0,MS4wLjABAAAAQz_4u_bF-AgkGanqRpDAEap6enGxmgvsAq1CZWFI5h3FTK519Z2tz1AIIQYD2S_w,False,0,False,patrickwcutler,False,1683741629,1691862905
261600,1765,447,0,5832,5832,4,0,3,3,False,95880453890437120,False,False,False,0,MS4wLjABAAAAKPTtgAU6KkaOLgmTYvjE-adl5Zpc_P54ura3DmeV1SeOk-Y_Xc04S87XNQNKVdxB,False,3,False,makalajohnsonn,False,1683741629,1691862905
239,148000,41,0,1000000,1000000,284,0,0,0,False,7107349921473790982,False,False,False,0,MS4wLjABAAAA8zndcuKujafbPxrHxALt_86elTIzWg9XvR2mBBgwTnsSJ0rOviKPZvrNF53pKH7M,False,0,False,gallagheruniversity,False,1676779704,1683170026
11000,9303,372,0,7774,7774,272,0,0,0,False,6875519622377800709,False,False,False,0,MS4wLjABAAAA-InKGFlXoLM1C9gVRqLL-phwlhDKYxl5K1Q_vdumwmqBbQCBPbiUZPMblf-9IqCa,False,0,False,mason.schneider99,False,1676779704,1683170026
4924,313400,988,0,10600000,10600000,438,0,0,0,False,6988239040568083462,False,False,False,0,MS4wLjABAAAAyM1Hk-p7pSy15iuWn4i7PgEs39Znfqw3DfJV8okYMzvzMr13bji9mRWPSODiF8m3,False,0,False,tacticboy,False,1676779704,1683170026
3486,167600,689,0,3100000,3100000,264,0,0,0,False,7048310259963069446,False,False,False,0,MS4wLjABAAAAWBlY2HZ6nlhiG3Z_s1yXkfLcVyfsCTUg_FMU3zbpbLFIUPTfEtKUo-Et0M0FELSA,False,0,False,dr.weldz,False,1676779704,1683170026
30,2500000,11,0,26100000,26100000,432,0,0,0,False,6785994104045143046,False,False,False,0,MS4wLjABAAAAE7TNM_Vq8j9YMd9FgX-dD78j09XRtJXGECrVAZNRLj8F8V0pZsV3mWIoubrDphok,False,0,False,drdisrespectlive,True,1676779704,1683170026
1579,174200,3,0,3500000,3500000,2375,0,0,0,False,6977659550670488582,False,False,False,0,MS4wLjABAAAAZg-sLEbK3WPI0KclGr-ErB8d0MyJtjZ-pU_F7igUM2fpZ7w9tvAwRK9xVZRwt8rH,False,0,False,rt.news,False,1676779704,1683170026
14,821000,1,0,10600000,10600000,31,0,0,0,False,6904170073268749313,False,False,False,0,MS4wLjABAAAAPC5qxWBqnRzmlvqbMu-JVBq8efIFb6mO3xvUHzh2pIBYNSq254IOeLhqp2bFSYNk,False,0,False,ididathing,True,1676779704,1683170026
11300,272,941,0,473,473,2,0,0,0,False,6966625123047900165,False,False,False,0,MS4wLjABAAAAg_ESnEuY43Y2XTIbvidAbLeZYvWW4kd6BbhvXwcMZHGyhKLY95s6xjHXqZpsiCd-,False,0,False,alasitofu,False,1676779704,1683170026
846,65,324,0,91,91,8,0,0,0,False,6970063430347310086,False,False,False,0,MS4wLjABAAAABTTIYXEM0I5L-7rHUnqxMwdu_BqfGgEKYNA2hsSYlwwFnztvea-zl02htSm1mn7R,False,0,False,bamsbeats,False,1676779704,1683170026
49800,4320,377,0,36800,36800,89,0,0,1,False,6689567586856616965,False,False,False,0,MS4wLjABAAAAGXrAZ62kaIzAOGcNugitGZ7HbSwGZjI73e3T68Vwb7pN7kVQQm2t8q2B7te72TZ9,False,1,False,chandlerk1ng,False,1676779704,1683170026
1192,1700000,22,0,31000000,31000000,446,0,0,0,False,6807928728896406533,False,False,False,0,MS4wLjABAAAA2us6-44cT1gd1agRE0S6dBPpfH8l4BeZBS9BRQL7wokGa7j_Fkvc32hv8gvX9ghn,False,0,False,suga_show,True,1676779704,1683170026
5261,7300000,73,0,155000000,155000000,2530,0,0,0,False,6742898700866552837,False,False,False,0,MS4wLjABAAAA26AGxZVTrz-4ADYgV8Alxe0lrdkCifgthinNFHgRH8NyxQWCgUlCHFoGg0B22Jh8,False,0,False,haymakers,True,1676779704,1683170026
158,45700,13,0,2700000,2700000,406,0,0,0,False,7210345564077179950,False,False,False,0,MS4wLjABAAAAShUOSemXWDCqUXBAvgnjWOMUKe7RBGxP-WStuk13ffb3WhcfXLFced1__uXviIWH,False,0,False,bullfilm6,False,1676779704,1683170026
376,1400000,15,0,66400000,66400000,281,0,0,0,False,7152656929982202926,False,False,False,0,MS4wLjABAAAABsrWEVc4uXWN_ExNFCeUmUCy-uDzs_3UgjacINrLIq_kaFOMfE2C_Xf8kKH0T28e,False,0,False,levyrozman,False,1676779704,1683170026
2490,62,7,0,869,869,3,0,0,0,False,7043880238846559279,False,False,False,0,MS4wLjABAAAA7S3fLwKyEk9gXAv-HpZjGxtWU38N1MW_oh8bOEhTfqOmgH7fJ9rP-Lx6380xBg9p,False,0,False,babyjusticee,False,1676779704,1683170026
11,58,86,0,334,334,3,0,0,0,False,6666806751483002886,False,False,False,0,MS4wLjABAAAAR7ZibG8sab8HkQBJzESKCWpMLPO4bNIICG615cJFpkaW2Mpn7Np7Kmp01TBsAchO,False,0,False,laurenwritessongs,False,1676779704,1683170026
10700,782,890,0,10000,10000,26,0,0,0,False,6784546844934456325,False,False,False,0,MS4wLjABAAAA5HN32hSFZA89Dnjcyr_GDyDizule1xCbc7g9RdXFH2NTIQaHXtrKyalfHV28pw07,False,0,False,dub4oe,False,1676779704,1683170026
305300,334,288,0,4366,4366,21,0,0,0,False,6669111876846960646,False,False,False,0,MS4wLjABAAAAQnNLxEHXY5b4Bof4By42Ux0TDps_F0yIXNN1ITyaFbPfB7h0QhEgnfPUq7xYlLl7,False,0,False,victoriageorge___,False,1676779704,1683170026
477,315,52,0,21100,21100,4,0,0,0,False,6837901730182005766,False,False,False,0,MS4wLjABAAAAJLCIrs8J1oYbtXhh9Xqhef_T8Z8I771ASJuRUXNFuCmVmitTQFiI-WFxIULnUWcu,False,0,False,flyinnnhawaiian4,False,1676779704,1683170026
11,7,3,0,321,321,14,0,0,0,False,7202840007580894254,False,False,False,0,MS4wLjABAAAAtE9zHhrqJivEfwtfBMXak-JiE-2VwFfDW3NhCXd2mD1bqy1JlOyfmAfJVy8vCmJx,False,0,False,therealh4llow,False,1676779704,1683170026
124,17000,65,0,656800,656800,36,0,0,0,False,6858239685413487621,False,False,False,0,MS4wLjABAAAA3IQ7yhTJKHKknOK_IvwX_pYu2VVgdv30KQ9faKO6y3Q7Sgp5fn_2v9YCDbHcLPTA,False,0,False,awi_wi,False,1676779704,1683170026
20500,670,14,0,87000,87000,47,0,0,0,False,7200947464299758635,False,False,False,0,MS4wLjABAAAALlsKAls5u4GncCcXo9w2vaiCaKvzkIt7kWZ14AI9a2tijtArklfAk1Mo35SNEiKi,False,0,False,10u15a8,False,1676779704,1683170026
17800,104800,262,0,1900000,1900000,1445,0,0,1,False,6702231697490297862,False,False,False,0,MS4wLjABAAAAwIQ9x3qGEwCcWtqHKge2o2tF5gzDIaUEmZel7L1OyI12knLI19wEnNFxjaALt_hp,False,1,False,mliscano,False,1676779704,1683170026
1712,1100000,28,0,43100000,43100000,3692,0,0,0,False,6785186487274669061,False,False,False,0,MS4wLjABAAAA6MYVMQ35HYtTYupcpYRGFvpH8A_xKLawvgx9TSXDjr5Bcb2spwAx5I0S6HEVWAC7,False,0,True,westernweldingacademy,False,1676779704,1683170026
9281,258300,142,0,15200000,15200000,516,0,0,0,False,7189421466663994374,False,True,False,0,MS4wLjABAAAAaeVu0iZGeeaDymyZkQOJK58vKlUV77K-JZ0u6jgmRDx4dml8cz3nIXDinkMMNk1m,False,0,False,boxingdrill,False,1676779704,1683170026
101000,604,82,0,13600,13600,11,0,0,0,False,6702816259765535750,False,False,False,0,MS4wLjABAAAAu4szYiAwFADrAkVeuevB-o7ZxEDRSS6ocAC7cjjXTAHIkkslwgDueOq2oF38WKjQ,False,0,False,jj.ackii,False,1676779704,1683170026
7501,34,34,0,197,197,1,0,3,3,False,7136637346376582186,False,False,True,0,MS4wLjABAAAAJOmpX7VKQhTsZita0WQOhnJSWUXq7Qrs3A8_ozKi62fgaUC_rAOzt42XMIjiQX1d,True,3,False,privatelifeof_layla.u,False,1676779704,1683170026
1843,1200000,67,0,25600000,25600000,1032,0,0,0,False,6923547886569030661,False,False,False,0,MS4wLjABAAAAqtP-4Xs4c2oOEAIaXHSejMJN9wJVqmJNJIgLK2RS6D--eyM6hM8GZYzcJAR2Jzmp,False,0,False,kevinolearytv,True,1676779704,1683170026
12300,408,405,0,3517,3517,5,0,0,0,False,7125136872550401070,False,False,False,0,MS4wLjABAAAAt0_lx6QzFr5WdOzfZRHOb_SyCFxfdIQ99sGlXkbdR1UfwExTMzWFHwA9jbPSXTPY,False,0,False,2famous.aman,False,1665900858,1676261337
118900,797,338,0,48400,48400,55,1,0,0,False,6734351330155365382,False,False,False,0,MS4wLjABAAAAnYysqBSfyoBtZi9F5uXhhVSU3BghzzaJuuvKj9mlmnyjsvbsOsxawHELsvCqR-5l,False,0,False,ajany.love,False,1665900858,1676261337
4632,151,168,0,173,173,2,0,3,3,False,7183420594825217070,False,False,True,0,MS4wLjABAAAAWNHux3PHx14pBFWUV0Q-s7878I9065O5NM10mAyVJmiMZadv5xpOp4TAdcQOEm7L,True,3,False,louisasiitia,False,1665900858,1676261337
4959,306,46,0,4563,4563,2,0,0,0,False,7169081159593460778,False,False,False,0,MS4wLjABAAAAEDWPwNocRVds74j7_3XekEn1trbPRIn3xQz5S68kVWL35LDK6TKn_8jM4ebkAnTI,False,0,False,withluvfromk,False,1665900858,1676261337
247400,105,349,0,533,533,3,0,3,3,False,6937856192174867461,False,False,True,0,MS4wLjABAAAAc73hSyDvvIPLqHySHYMnNGZQQxYRcaoe4swrNbXCNChJplUa15SYGodbwcg5-ymc,True,3,False,amaliagoshtigian,False,1665900858,1676261337
9203,141,235,0,311,311,2,0,0,0,False,6908562708318159877,False,False,False,0,MS4wLjABAAAAviiricc7CMkNvTvVlP_xWtQJkPqMTiYDpRABrLVEVpTV8pfdF_U796YTzahFNUC5,False,0,False,jd.noa,False,1665900858,1676261337
243500,159,1019,0,462,462,4,0,0,0,False,6763483335430243334,False,False,False,0,MS4wLjABAAAA1x1WJYndFuN83zoUnpRk-e0QhiObz5i5DgkNbU69oekUFH7KsVloDrN6KzJCVc1z,False,0,False,lexy.montalvo,False,1665900858,1676261337
57900,71,82,0,0,0,0,0,0,0,False,6920030875120141318,False,False,False,0,MS4wLjABAAAAtj4cBtgB99SP_klrgQRE3jNSA4K_mRklVbsWETrqs4F17t8DYl0NozV4Zg5TdKfA,False,0,False,mo_khan_98,False,1665900858,1676261337
44200,244,1236,0,2118,2118,11,0,0,0,False,6609647421867900934,False,False,False,0,MS4wLjABAAAAhZR84jJg26_AkincZybt-OduMuqz7dnjGGrlxKmaAXUSZnEW9QR1zDwFFWHaD5cH,False,0,False,itani_yasmine,False,1665900858,1676261337
2862,353300,53,0,4700000,4700000,424,0,0,0,False,6732831440214459398,False,False,False,0,MS4wLjABAAAAjxqp5hdDcgqAL0Vq1UlMhcYds9J2iI3m4RrUMcF3QOEoLv3D92zPihWxqDaX0oAN,False,0,False,bareknucklefc,False,1665900858,1676261337
2229,672,562,0,9639,9639,33,0,0,0,False,7164288463268365358,False,False,False,0,MS4wLjABAAAAjIe7YBp8mVJ5DIy1h9urIbRBRuFvyHntdYMqC0k6sbjhT2BwTf_Fs3KV_RbAVrHp,False,0,False,thereal_motion,False,1665900858,1676261337
68500,216,1337,0,326,326,1,0,3,1,False,6777604432018768901,False,False,False,0,MS4wLjABAAAAvEdLZDAqzb_g1Lun3Pd_YoH3DkpGhgpW8RnWD0OUAxuVKeqB52DrYLyD_fvNXvJo,False,1,False,khyrensopurdy,False,1665900858,1676261337
229800,579,3683,0,511,511,2,0,0,0,False,130646447103950848,False,False,False,0,MS4wLjABAAAAKVf4xkZWh75wW4FmssjTuBiZLyeWY9n66JwGybJnX1MJoRc9jm6wgi9Rs1vp-Zq_,False,0,False,ixil,False,1665900858,1676261337
13900,694,395,0,15300,15300,23,0,0,0,False,7158676030847468586,False,False,False,0,MS4wLjABAAAAS7Q34DxzBXpYEZ7c-552lS-fr0Ua_LKXFjr2j55JptSfw-QeFciNLihUAjwULnjq,False,0,False,pourin5sstodaface,False,1665900858,1676261337
1059,19700,259,0,1600000,1600000,112,0,3,0,False,6839457337557337094,False,False,False,0,MS4wLjABAAAAB5lMf0Pw9phcd97baWxTexdjh5Swdw2CsUk-d1JHuuUBIEd5ygSJ8l4Z_2D8O8Yo,False,0,False,vivacantando,False,1665900858,1676261337
210500,194,297,0,1553,1553,9,1,0,0,False,6744576290734851077,False,False,False,0,MS4wLjABAAAAPsyKlbnjxO3eQlYtQno3z4NJalULy0rl1OACueyolNCjOQE-m-BamjKaDk9RglK7,False,0,False,trinidaddy79,False,1665900858,1676261337
80300,180,86,0,608,608,1,0,0,0,False,7009810640261563398,False,False,False,0,MS4wLjABAAAA9zq3YrdO3cWON_cDWG0WdCJaBFrbdk5kYp1RRHhpgBC0Qm9ah7pNoZROiHpn2Fz-,False,0,False,hoodiejonny,False,1665900858,1676261337
1152,40500,0,0,2700000,2700000,87,0,0,0,False,7153355970994816005,False,False,False,0,MS4wLjABAAAAQywOWdUBUNU3yc0M6rFm-v9b5BA6nSyD6y4aDwoZm6MN7Ac-wjlyb3EJJjZ9DMDG,False,0,False,sneakoentertainmentt,False,1665900858,1676261337
3,73,8,0,772,772,27,0,0,0,False,6869913842857264133,False,False,False,0,MS4wLjABAAAA_-IRmHavWtyLbnanxTWEQ3jjsUHS2yOQjQXgRp4MfHyYNsMCui1OB45gTDB6j7Ry,False,0,False,saxonssportstherapy,False,1665900858,1676261337
61400,782,581,0,27300,27300,41,0,0,3,False,6647146632926461958,False,False,False,0,MS4wLjABAAAAnUMbva_jHPaWQ5SxaWZ2XXsphWehuq4wrxhvYI978F_kr75oTADKg2kH2kZ7CKOE,False,3,False,karla.chavez03,False,1665900858,1676261337
167,5100000,2,0,95700000,95700000,897,0,0,0,False,6992816801466172422,False,False,False,0,MS4wLjABAAAAz7GUcMGVJcb0ZdlCbF8JTUUrRHs12eM__naOOk6_d3UUHiWAkN-Iodfy1jLrEQVg,False,0,False,liverking,True,1665900858,1676261337
881,21000,24,0,407600,407600,32,0,0,0,False,7151497932202705966,False,False,False,0,MS4wLjABAAAAkKQktPk3Z-brkqR071oHsTHg9oFp7LdepbQdII0dqoENTbJXWxAbQsuopQrtFd1o,False,0,False,shinodaarchives,False,1665900858,1676261337
748,5023,424,0,273800,273800,48,0,0,0,False,7073005594986677291,False,False,False,0,MS4wLjABAAAA39QHdGes5WrmqOpVrN15mBIzITT17HuGipUEz1ZDFQqe2OcwIBaAUIs0nnAAbKFJ,False,0,False,sneakedinclips,False,1665900858,1676261337
66300,204,110,0,1116,1116,0,0,3,1,False,6639127560218296325,False,False,False,0,MS4wLjABAAAAmvHJGpuFo7SjXiaAEEfCnGDDEsYph9CBKdKjYcGmcCrl97QmoeAlw87Hq-nzucD_,False,1,False,raycastaneda18,False,1665900858,1676261337
206,6300000,1,0,120800000,120800000,4652,0,0,0,False,6718786745917506565,False,False,False,0,MS4wLjABAAAA6QnDS07MPs4yJwUEKhujugbhWLIoeaRN4MD5vVje-k6m9cOtjI3OvOxMrjQWpCyU,False,0,False,papaswolio,False,1665900858,1676261337
242600,68200,108,0,4900000,4900000,622,0,0,0,False,6764066059286316037,False,False,False,0,MS4wLjABAAAA6R-2w39FupDFAL2VFo5LrrHeU9IeF2wN71WCUoil5r_oHpjOwip4j8lglesEnyQr,False,0,False,christian.heinz,False,1665900858,1676261337
707,90100,66,0,2400000,2400000,168,0,0,0,False,7124765616311043118,False,False,False,0,MS4wLjABAAAAl9CrQEUQ5o7ZUYOUyV7k-ddvodD-pvRSPZutylVa6IlyVvwZPzdTnD8dTyfKance,False,0,False,shneako.yt,False,1665900858,1676261337
56,39500,0,0,1200000,1200000,10,0,0,0,False,7122002648090182661,False,False,False,0,MS4wLjABAAAAP7NrbeF-Q5FNNydViClfCBBV7RzRP5pGl4ah2BIBzrh69NchjRyollPwYwmqwCgm,False,0,False,pastorsneako,False,1665900858,1676261337
22900,86,209,0,0,0,0,1,3,3,False,6874427438072841222,False,False,False,0,MS4wLjABAAAAvC3nEaTEm7lXoMrhS24uH4fm9Ewxiw7QpopxXD037dhLbTyw4v3T8-e2HZCQyNgb,False,3,False,_etonn133,False,1665900858,1676261337
457800,467,2305,0,1948,1948,3,0,3,3,False,55965718394986496,False,False,False,0,MS4wLjABAAAADCtmOQAiNG8C6jrENly94w-Jv2R0jSVLNl7gdzItQEG0Tkm-l5xp2ZSbCfJPOBfZ,False,3,False,valeria__aaaaa,False,1662860315,1665891670
113000,228,162,0,7082,7082,3,0,3,3,False,6794525757281469446,False,False,False,0,MS4wLjABAAAA6j_8PrsYkDuskmsv2Htu9iDVyn_s2UYwjLINPgr-r1ru8pj3mq1cOK5IfCWeksO6,False,3,False,_berenic.e_,False,1662860315,1665891670
67900,586,487,0,13800,13800,4,0,3,3,False,6891036477326164997,False,False,False,0,MS4wLjABAAAAOIaPGNgXnMllQT38z5_TCmyaO7-Ue2nO1xCODzhg5UJ-_iGcmk6Mx6Zs3gDobv2R,False,3,False,spamzzz.jaelyn,False,1662860315,1665891670
866,228000,1,0,6900000,6900000,80,0,0,0,False,7134462494903174190,False,False,False,0,MS4wLjABAAAAAfcHxt6BUqBh4x-1oehYLs2KMWTJACz6SmFKcsNpFVBMJHQ7GQeQxjWD8P3nxHA_,False,0,False,hustlerselect,False,1662860315,1665891670
8040,177,540,0,952,952,14,0,0,0,False,6925499729662379014,False,False,False,0,MS4wLjABAAAASkW03cgq1u1qr7Zv-4VrcKbP4XpgrnyA4IYGT3X_gNhoOYz0WKFHh4-IHqdsezlF,False,0,False,yung_zuru,False,1662860315,1665891670
2821,897,154,0,93900,93900,1,0,0,0,False,7114893152983286830,False,False,False,0,MS4wLjABAAAAvu_-mzKbhsRRLpTviDbrqPIJzvtc_NgJH2zowlviw6uDRXffpeC9xXZoZgnRpI0d,False,0,False,user341242891,False,1662860315,1665891670
29900,1516,517,0,2092,2092,38,0,3,3,False,85662361067352064,False,False,True,0,MS4wLjABAAAAvKitCFAvWtOXSRebPVMzJoMlGGGkNvjcBqHYxYZZsWw1ze9dtwR6HBrnH-ltpVVc,True,3,False,user930101384753,False,1662860315,1665891670
10700,243,217,0,3767,3767,1,0,3,3,False,283495934506749952,False,False,False,0,MS4wLjABAAAAtxyEkdIX_zXZiReSfYmzp1wB5RInjWF9HKqBSAtPOBt2Xc5Kcw0dZjaLToR7r0Jp,False,3,False,elianaberumen,False,1662860315,1665891670
23600,492,678,0,1730,1730,9,0,0,0,False,6765411185283646470,False,False,False,0,MS4wLjABAAAAzZv0U--Oy-c7uoHSV23aIdFoQWFNiq7rio_r8vHuryJFPaSmJULeTf37GFSi9RFF,False,0,False,dyl.2shifty,False,1662860315,1665891670
308300,2171,76,0,59100,59100,0,0,3,3,False,6708198168453268485,False,False,False,0,MS4wLjABAAAAW5ujw-aPR9K9nCJhj97Dy1qWUg0_nXF8yQOX3607VPJcvp3x8GR47JYko_TnznwM,False,3,False,lmfaodess,False,1662860315,1665891670
104,248500,515,0,5500000,5500000,447,0,0,0,False,7101071699393692718,False,False,False,0,MS4wLjABAAAAHhux8Smu-wv1_R9tr1H435mGLSUzofSKd28dF2gaOY-zNKER0i4eRKk41jBA9IhD,False,0,True,zenfulnote.app,False,1662860315,1665891670
48,10100,0,0,65300,65300,4,0,0,0,False,7124975211649074178,False,False,False,0,MS4wLjABAAAAOfUtyOwysq4gokn3QOxxmXe-cWg8OsgCmXZ3ptN4cH27BpGtr3ghcRuYMt6rCrCF,False,0,False,darkknightathleisure2.0,False,1662860315,1665891670
88,47900,7,0,3900000,3900000,55,0,0,0,False,6947708038913442822,False,False,False,0,MS4wLjABAAAAO3ppOV1Y4RPkJC5AphGVe6edAoP55IcvGkFQjhrdAjRmzSPaFWIrLRORuVA6FB7R,False,0,False,classyfromheadtotoe_,False,1662860315,1665891670
1923,329,768,0,20700,20700,36,0,0,0,False,6656844936741617669,False,False,False,0,MS4wLjABAAAAXIj5tTB5rgO8aUj1s81lys78vX2UfbyDsu7NwJZWMoX-yth2qnn96MOJp91whQeG,False,0,False,simba2koldd,False,1662860315,1665891670
14300,532,120,0,5636,5636,0,0,3,3,False,6944585742979662853,False,False,False,0,MS4wLjABAAAAQVNCGkB5oHiAApXFdUbMZOeJ_YL_ppvMmu7Weh14Bl4vO-HLAMQJlgoC3Wz05jEB,False,3,False,2100naima,False,1662860315,1665891670
293000,676,331,0,48700,48700,6,0,0,0,False,6734863908651303942,False,False,False,0,MS4wLjABAAAA_eda8Fj3BN547C_3CMJpf-Hr4WSlNOSwh-ZLwPXBSilIFN6-NeCYvLBtl-_RfNhK,False,0,False,alaina.velardez,False,1662860315,1665891670
4253,1200000,456,0,74400000,74400000,1226,0,0,0,False,6933681079237166086,False,False,False,0,MS4wLjABAAAAzfQSa4axbvaUo5NlEHk3RIIViA0FGb9djkOjJ-LhqPRmriLgHA2DwUEznmM9OtvQ,False,0,False,60_second_comic_facts,False,1662860315,1665891670
336200,181,687,0,49,49,1,1,3,3,False,6619036988992225285,False,False,False,0,MS4wLjABAAAAVJgQ33aC51XL2gP-4BI520mAmhZy9wbjpsTaOWrYm-HLwwpM-s6Ti6TnpNdXkDTH,False,3,False,chriss_090,False,1662860315,1665891670
3528,51,101,0,0,0,0,0,0,0,False,7141193064652276779,False,False,False,0,MS4wLjABAAAAiOzS5UlLSHolXm1b3XMGRxhjzTdoF8yQgC8zzN-6izMfWXazO5_HT543QuKurl40,False,0,False,kylah.lanae,False,1662860315,1665891670
408800,13800,172,0,1500000,1500000,22,0,0,0,False,6731479375268725765,False,False,False,0,MS4wLjABAAAApdYfx177vOk5vN8Mdqk8zN74DYBPuaIls3mQK8rLmiqvkvCNuhDuYsxKRTFZ928F,False,0,False,ohgiiselle,False,1662860315,1665891670
252200,320,210,0,4560,4560,9,1,3,3,False,311393734171090944,False,False,False,0,MS4wLjABAAAAc_GXwp-Fpdd2sK824oRgQtUd7RA5Drhnp84jg3kMC_U10l3bACHWlrbiSD4nyfHN,False,3,False,anahleahhh,False,1662860315,1665891670
277200,398,5102,0,1941,1941,3,0,0,0,False,6799403404143559685,False,False,False,0,MS4wLjABAAAASiUj-AKY8cBj50AT76d4UzEdeaJ45fc0jIyA1hudo3Da41jOGGqwQzXXSReITnaX,False,0,False,zooweemama2969,False,1662860315,1665891670
50500,179,4122,0,3,3,0,0,3,3,False,6599375429013274630,False,False,True,0,MS4wLjABAAAAklntcFd4JI4QW8tL5CKV7HCQ00UvIneZO8_nrXy-I4HNW0D9svY2AQaVupVE3Te_,True,3,False,spedkidowner_,False,1662860315,1665891670
77100,77400,477,0,4500000,4500000,604,0,0,0,False,6608059996188819461,False,False,False,0,MS4wLjABAAAAmTxJ_g_qHi_QVSX7I3L-0IumDMTLeqDY4OsfI1wewqWOqgIQIzYogcdr_Z23XRTG,False,0,False,enso.sama,False,1662860315,1665891670
16100,543,537,0,10600,10600,18,0,0,0,False,7011379416983438342,False,False,False,0,MS4wLjABAAAAmaI3RYdo_3_sb8t9emSBtggAN1t8A-MTRVY02yhEM0MAhtsBv8OUykNiiGw01aKY,False,0,False,miatyzen,False,1661799955,1662859286
166600,205,131,0,1144,1144,0,0,0,0,False,6750265110062744581,False,False,False,0,MS4wLjABAAAAlzqCKKUJrB2J3v-Xgejz3jE0dA2bNkag-86XV_rIR_u6tbk-fimvb5smShjQW-1y,False,0,False,justynnnnnn,False,1661799955,1662859286
279800,453,382,0,21700,21700,31,0,0,0,False,6703522947304522757,False,False,False,0,MS4wLjABAAAAxdGnlkNlww50YeHo2npH6pNcoLf84sePIOzFTuwrvAarnm6wvpi4hY269lxq6x0M,False,0,False,uhlyssa5,False,1661799955,1662859286
19700,734,165,0,176600,176600,2,0,0,0,False,7126033021598286890,False,False,False,0,MS4wLjABAAAA3vyLoHX8jZcfuH5El8sU_tVDoQPijQ2S3B4WPEh_BmvrDK00V49z2NeuZgn8LcTO,False,0,False,eemmassnyder,False,1661799955,1662859286
458,5600000,301,0,89100000,89100000,328,0,0,0,False,6809871476868482054,False,False,False,0,MS4wLjABAAAAV6sqPM-qaEQxArsLOF1Jxwc86cZ3ilYcX1jlN494eFLFDiRyzT2riFP4J_3oraRA,False,0,False,theovon,True,1661799955,1662859286
40900,75300,365,0,5400000,5400000,934,0,0,0,False,6690674079990727686,False,False,False,0,MS4wLjABAAAANRtyyC4iLAifgNDtzkS3gxRuBovkQUpbfxLXynfmm1op69TPa1Den9dMny56eaJD,False,0,False,griffin.lyell,False,1661799955,1662859286
3262,15800,308,0,242500,242500,385,0,0,0,False,6734999923567297541,False,False,False,0,MS4wLjABAAAAEDZtAZ3MBo04OymBWGyQqBfn-l5wBKKhxkCmMVnKspT9_InqQy3BJhaaJpsjetDc,False,0,False,recoveryhq12,False,1661799955,1662859286
1775,5508,110,0,49400,49400,173,0,0,0,False,6826147088071410693,False,False,False,0,MS4wLjABAAAA_H6bszfoGSev-fIhLjy3IZ3Gkcvxo5wN5jnuqR3COAfCgfFZF5J0KSJoSZGPRL4J,False,0,False,damariangarrett,False,1661799955,1662859286
16200,152,80,0,3147,3147,25,0,3,3,False,6924381599032607750,False,False,False,0,MS4wLjABAAAAx00zNpq7ZvrQ5NRsPddoeFYYNL8qB25a52pN02U7gsri3Q7xXWU8smzs2nxhJaw9,False,3,False,oliviaa.husenn,False,1661799955,1662859286
268200,348,470,0,34300,34300,3,0,3,3,False,6850291513172804613,False,False,True,0,MS4wLjABAAAAnBw9u8NUQDwuBXCpNM5hwsN-3AURGrsobHIEMV032czyRogOJdfWC3kBjhLz-MTW,True,3,False,only4gia,False,1661799955,1662859286
125800,602,308,0,21600,21600,99,0,0,0,False,6856547261577528326,False,False,False,0,MS4wLjABAAAAqyHVjGjLc-XVSA3m03o53E6D5ARN8mZUW71HY4c0po-Rd7hEbS7Lb3g4JxazafRc,False,0,False,teritheberi,False,1661799955,1662859286
4229,70,139,0,0,0,0,0,0,0,False,6803138099271746565,False,False,False,0,MS4wLjABAAAAh1SxLP5a8QOBsYSUv8VLvTh7kwEf6fkbk5Oxzze5fGMyFQmBGy0PER2xghMwKJb5,False,0,False,dmontycondones,False,1661799955,1662859286
194400,244,2587,0,0,0,0,0,0,0,False,6791498293090206726,False,False,False,0,MS4wLjABAAAAlwLFGinehqjmOAcER6WkDcYfBxZZerFmgHVg0Y0SugowLBTOwbNPzD-MJjdebyLe,False,0,False,marquette__,False,1661799955,1662859286
70900,186,619,0,899,899,5,0,0,0,False,6612561426420989958,False,False,False,0,MS4wLjABAAAAHTJgqVr300nlXGCWWS23zIxkZTchTGMAAZdf_PHZQJkUX3rrqqrZHyfAbwTuydkR,False,0,False,justurcrystal,False,1661799955,1662859286
155500,277,78,0,447,447,0,0,0,0,False,6810580125969843206,False,False,False,0,MS4wLjABAAAA8JyZxrc9wCTVsQ7plV6U18ioehba0rEx84fgii9PKPqjt7IUgDRqzl0Z75Z7V7nr,False,0,False,dtkjoseph,False,1661799955,1662859286
9990,745,98,0,30700,30700,29,0,0,0,False,7041021783239853062,False,False,False,0,MS4wLjABAAAAecNgDUZSyCTkw_M5TDqCloKggWBBsamWZpzApcbRtiOLUd7brxXY23anAN6fMriM,False,0,False,shordybaebee,False,1661799955,1662859286
2820,175,154,0,1817,1817,13,0,3,3,False,7004931154361140229,False,False,False,0,MS4wLjABAAAA4Ct4SQ930PFItioQgNYokGW1W3s7mfPXLkO9v7VujdeXOR0bNgzV659gntw2dBjP,False,3,False,anngeellllaa,False,1661799955,1662859286
88700,1125,317,0,17200,17200,0,0,0,0,False,17409194,False,False,False,0,MS4wLjABAAAATqQQekfBZLl1LEgMbAG8Wp8_DN83WqO50lN7NeT3Aj0,False,0,False,riahelisa,False,1661799955,1662859286
260700,742,237,0,8623,8623,3,0,3,3,False,6692555337172763653,False,False,False,0,MS4wLjABAAAAConjk-xOnd9RYBAtTUr_IAcyG0ZVT--lvvY6E85K6vCGE7rmyNDMftd3ZHNJT_oo,False,3,False,ihyangy,False,1661799955,1662859286
64000,255,1773,0,150,150,4,0,0,0,False,6882897516989826054,False,False,False,0,MS4wLjABAAAA_CoSoFMJpXmVAAVOfMPpiRNNjWv6QDhTZWIDbtsJ1OEzDqRqbPWB_mczn1xR-xVX,False,0,False,r.castro_rg.72,False,1661799955,1662859286
302000,439,2625,0,0,0,0,0,0,0,False,6719019794392007685,False,False,False,0,MS4wLjABAAAAsY7dMhI6VczlQOQNCVpmqVaD5D3daKajDC2UQ10zitulrDa_SWbmYQFX7jyNt9fp,False,0,False,tryten3106,False,1661799955,1662859286
84800,440,2234,0,2561,2561,15,0,0,0,False,7103330001080927274,False,False,False,0,MS4wLjABAAAAG47Ns12Om7ZcKJHRJ1mwdJgPl37jn4xGt3I_6_JshYG4FwDT5WrGsJCc-AkeK4j3,False,0,False,bean4mo3,False,1661799955,1662859286
91900,209,1079,0,63,63,0,0,0,0,False,212875854924709888,False,False,False,0,MS4wLjABAAAA9cBPNjzvN6cxkiXgex4nmXUbBmAfxInOhjwqyqkhviOvM-08_igk1Xilj1U95BhM,False,0,False,r_a_y_m_o_n_d,False,1661799955,1662859286
112200,242,969,0,111,111,1,1,3,3,False,6812831264992297990,False,False,False,0,MS4wLjABAAAADXAiSARVhprkSv6kqmrwDEKOEyPJ8wVnh36cUwVRN6WWT63xqW50Up73gjaFmCk9,False,3,False,maher_davos,False,1661799955,1662859286
7964,384,276,0,110,110,1,0,0,0,False,6831261450507584518,False,False,False,0,MS4wLjABAAAAhLeiE9cOg7DauCSz8M4oG6dpne4FGujfroWr_J0kFxPFDbMfI9aja3xrprGas0zR,False,0,False,shesminealready_,False,1661799955,1662859286
80200,210,104,0,2854,2854,25,0,0,0,False,6720023192754701317,False,False,False,0,MS4wLjABAAAAcmyn4KG1cWNE3pXSReKJ5T2YC1X0VDvDhRBMvFsc4DIssX96V0kRDkFcw8X1PAvx,False,0,False,ang.x0x0,False,1661799955,1662859286
239000,123,365,0,0,0,0,0,0,0,False,6683259565688390662,False,False,False,0,MS4wLjABAAAAwxlpBUiP1tMWVGzWf_xLyY2oo0_El48KEZs3GlHbkObkDsXrihAzypHEaql3tEIW,False,0,False,random_name24,False,1661799955,1662859286
153700,480,1207,0,3973,3973,7,0,0,0,False,6639781770802774022,False,False,False,0,MS4wLjABAAAAuOQhIggy9RsnPbWC-xvNweTMNL3u88HzlhL-USJtbnOjBa1Gb1UxjZdahLMMJVUC,False,0,False,lena1eah,False,1661799955,1662859286
340900,534,1797,0,9698,9698,98,0,3,1,False,96144642542297088,False,False,False,0,MS4wLjABAAAAMbIthgmcn7yb5i1qn1fgZR5dOdUcPoQsu_KI-LoUbEk0xBsVtKoKFXsZeGEatGI_,False,1,False,anjali_chanani,False,1661799955,1662859286
288200,458,68,0,13300,13300,4,0,3,3,False,6917480472365433862,False,False,False,0,MS4wLjABAAAAl_6B9v2HLkomE29nRAcpZg2hzgEFLJcjvsNg_VVATKHyIupJaEkCyJq670W9oGPq,False,3,False,prxs.jp,False,1656011111,1661799951
187100,500,250,0,43900,43900,96,0,3,1,False,146959120242192384,False,False,False,0,MS4wLjABAAAAbGK558Hr6WFGbqiAZ5vxIgzbWk0KDzAC31cEzfMqIUe7uScMZxsHylYUhfUAf4pB,False,1,False,audreyy.702,False,1656011111,1661799951
105500,680,83,0,20100,20100,2,0,0,0,False,7110005843299271726,False,False,False,0,MS4wLjABAAAAyOdkyAAd0fuVfPolGxy1XpXnsYtSnSRtmzZJhZ83oUE0uNbKiSo2Z_h_y_2AyTcP,False,0,False,briananabananaa,False,1656011111,1661799951
5414,9576,146,0,226000,226000,13,0,0,0,False,6777340049606476806,False,False,False,0,MS4wLjABAAAA3FzsEFrqu7QopyqVEFyp5Dvb6S8HE8S1dzrHYtShLW_uHjeX8ADnDubHYklIBClR,False,0,False,pizzabryan,False,1656011111,1661799951
6711,540000,266,0,6300000,6300000,353,0,0,0,False,6810463686664471557,False,False,False,0,MS4wLjABAAAAt6GkqdaHcdKpBzZDTiLAiApmXqPfOzGuwT5I6X3wDfTV7jx5Brjva8LYYgAjctWx,False,0,False,farmboyslim,False,1656011111,1661799951
44300,763,325,0,274500,274500,8,0,0,0,False,6824998008669717510,False,False,False,0,MS4wLjABAAAAy_xzy7SaGK9IoOQKfH6s5ImXbLyFQWHXlxgq40Nl62IndLdjP__2tta291BrjcpH,False,0,False,flyinghighkayla,False,1656011111,1661799951
1620,15300,1018,0,479100,479100,32,0,0,0,False,7115304964801954858,False,False,False,0,MS4wLjABAAAARB8qx39hLkUlKgR0AVWaKycsFBiG97MWpdgloXTttDsN6754qLDOxZboEru--Vm1,False,0,False,anybodybutbiden2024,False,1656011111,1661799951
120100,334,621,0,1045,1045,0,0,3,3,False,6829732382100112390,False,False,False,0,MS4wLjABAAAAjoc0HzIuR-7dqZ88HNGzf37aU_2zoYuOIQceimYEjlfxDgnW0NArCyjsP_JvgFdc,False,3,False,lucie.cervantesss,False,1656011111,1661799951
6843,109,445,0,0,0,0,0,0,0,False,6713811376761521157,False,False,False,0,MS4wLjABAAAAadU1uYFq-4dCKTD_n5Pd84tOaLxRvTodUtqeJKx18jWLTCHkHqsYKFdNSyESWe38,False,0,False,bbledward,False,1656011111,1661799951
48200,333,620,0,3754,3754,2,0,0,0,False,6918468335706113029,False,False,False,0,MS4wLjABAAAAp1CVP3-U6YVa7MWjbgBGRNZS7YfRSQpZu9pQhnVXjdTqzBvKsyg_ncDyePDfGDIu,False,0,False,wtfcrackerr,False,1656011111,1661799951
62500,158,219,0,711,711,4,0,0,0,False,6941556605088973830,False,False,False,0,MS4wLjABAAAA26ilffPql1sDVU77GfLmSAZ7DrWHOC_gMhqrT8oNCQDtLKaoiAjcUwHwUFTx1oGf,False,0,False,lowkeyslowaf,False,1656011111,1661799951
6,42,70,0,0,0,0,0,0,0,False,7085148745004254254,False,False,False,0,MS4wLjABAAAAZ2RR7C5ROkO3-30n_ETuv3z3iwkXyJitStWFPdF2BwzKPNEvW9IdswtKv8I8gsGw,False,0,False,chopblow4,False,1656011111,1661799951
0,133,632,0,0,0,0,0,0,0,False,7036474972156167174,False,False,False,0,MS4wLjABAAAAHBsgUXVWmy4Or0HNtXcJZck9EAguNmK1-lQ0z06Bvv6u3_bRVSsx-L5QN0nM5ZQF,False,0,False,s7nw1eu,False,1656011111,1661799951
172300,1553,286,0,17100,17100,25,0,3,0,False,6690761934524531717,False,False,False,0,MS4wLjABAAAA7kqJyCvQZXJj3W9k3dl4Mf8wnJPFA3no-aWhdxqHS20bJkGIeR1YPVvX7PX7Qeur,False,3,False,.2swaggy4y.o.u,False,1656011111,1661799951
12700,125,175,0,696,696,6,0,0,0,False,7082249451135697966,False,False,False,0,MS4wLjABAAAAbsb2e2UUR8SvI8KGpAsJJ414uXhZdKXFak7YfT6Zl3dKZaAyfK6nMaA9nakROVRa,False,0,False,chaseespy329,False,1656011111,1661799951
225400,172,1742,0,9013,9013,22,1,3,3,False,6723271949127025669,False,False,False,0,MS4wLjABAAAAfCcw5xktMVkjvD-41H6zVO5E4lnf5wfOr1Wj0S1kjAYPpIMIo7_n-8kBNK-fXreN,False,3,False,angelica_29m,False,1656011111,1661799951
77,160,24,0,5409,5409,87,0,3,3,False,6871360017883939845,False,False,True,0,MS4wLjABAAAAT33qJT36oVg5Ce6fHWM4S3VNSTadSCJolUW5idL5u1qcqYCYWKmGPZ0l0haSPYnT,True,3,False,bskqosjbdj20,False,1656011111,1661799951
45200,166,2516,0,55,55,1,0,3,1,False,6726611006863393798,False,False,False,0,MS4wLjABAAAAb6GGsZZvmaQg0aqWRjjRov3BQF5Oe2g9ieP0sl86UdA_Mpq_puFa4sbBptkOuPnQ,False,1,False,user638269268,False,1656011111,1661799951
113,2500000,31,0,25200000,25200000,164,0,0,0,False,6765687966066377734,False,False,False,0,MS4wLjABAAAA1303nJaAV8COEP9qHBwjPbu0K9s9ytY84OvUqqbgKRE2OYH5Bo1elLxCcyhUYBn-,False,0,False,coyotepetersonofficial,True,1656011111,1661799951
38500,318,447,0,16100,16100,26,0,0,3,False,6723785556633273349,False,False,False,0,MS4wLjABAAAAr8e5y6f0pLQq8EAUg5may3M__PrGMhAedR-uva8pUhA-VOHqZTcCxHlEDNI5h9KP,False,3,False,abbyy041,False,1656011111,1661799951
45300,249,218,0,1389,1389,8,0,3,0,False,175945840975515648,False,False,False,0,MS4wLjABAAAAMYDw9djBCKVQm0Uqv9dZ76KC8cyER02g0bAoybW_cyFO_VH0eB4wz0VhgVXTdrlJ,False,0,False,solokelly,False,1656011111,1661799951
116000,378,373,0,1542,1542,10,0,0,3,False,6799408785003824134,False,False,False,0,MS4wLjABAAAA9Gs7Jeasd025J79HNv8oUiRDhX_hh3jaTtZr1ZQNgWcLtXXxUvp0ndjgaJdTyiYo,False,3,False,ponzusushislut,False,1656011111,1661799951
118900,127,96,0,1854,1854,2,0,3,3,False,6828957761540850694,False,False,False,0,MS4wLjABAAAAdZqFQWCT3xhn31rx2Yf55cSZFAB738kzbIdsVt09TbzYUJvy9MU-VYOlW6EhPHZg,False,3,False,0.6ft,False,1656011111,1661799951
119000,218,159,0,335,335,0,0,0,0,False,78742127337230336,False,False,False,0,MS4wLjABAAAA1LGQX4JNcZmHJZMdDbYdkLNxKU98kum5BHjFa_ywdWtMtEWBNGnt7iRIgS3p7cO3,False,0,False,garmthecharm,False,1656011111,1661799951
229200,2070,265,0,235900,235900,1,0,0,1,False,6679504046636237829,False,False,False,0,MS4wLjABAAAAUSi5bpBvoFkBQmC_kRMoeyabx0z04Iu7MjNkTOvx_s3RiiDw0weTKx3n1LC_bU_y,False,3,False,alenebuenrostro,False,1656011111,1661799951
28500,166,344,0,2056,2056,1,0,3,3,False,6917878497587921926,False,False,True,0,MS4wLjABAAAAKaBv7Y-RNqmT0IBZ_S59GyEzPJYQe7i3lLUeecJX_apAmPz_f7zdaPC110rJ3Ur1,True,3,False,hannnytimeallthetime,False,1656011111,1661799951
69700,129,905,0,1942,1942,49,0,0,0,False,6997408091847853061,False,False,False,0,MS4wLjABAAAAIIR_U74TVN-paYwb8VlR9Wh-KgfXLI2CoLkH930xOS1PxT7264-tzr0-CUxEl4jq,False,0,False,i.l0v3.m3.m0r3,False,1656011111,1661799951
18000,231,348,0,243,243,2,0,0,0,False,6795731604046349317,False,False,False,0,MS4wLjABAAAApRvV3N86ggHT0iZ6RzfjINEVjLg8qezcOSCIxxxWNWPtmLn80ZlLqosuy2sLslqr,False,0,False,nicmurata_,False,1656011111,1661799951
118400,190,88,0,3796,3796,1,0,3,3,False,6617599861293416453,False,False,True,0,MS4wLjABAAAA2JiU4zFdUYY9_iLG8ZaJVtamP2no1ub44BbnsiFH-sOrhbdzM0nrokpwNAv4wNgd,True,3,False,anahiii.q,False,1656011111,1661799951
137600,146,409,0,633,633,5,0,0,0,False,28466322,False,False,False,0,MS4wLjABAAAAlleYyFttmxDpaeUd52SBk4OL7KqcrzrqYNFJ40kHdxU,False,0,False,mt_tof,False,1649641573,1656010459
46000,123,85,0,299,299,2,0,0,0,False,6895926864629662726,False,False,False,0,MS4wLjABAAAAqWlMjJvWdkiHr7owDUnjEZQTSSfy3jGLy8NBOpTiuJwDyWIqdEetDIkMoHd4OOwv,False,0,False,sheblush4stan,False,1649641573,1656010459
31500,177,54,0,891,891,1,0,0,0,False,6763082614519481349,False,False,False,0,MS4wLjABAAAAAiVA1vmX7A53zkbcMaQ6BvFT7UJzZUFkPSFxksYXpWIp4hY5AiSReVMvVP8Af6au,False,0,False,._wick_,False,1649641573,1656010459
55800,133,383,0,802,802,1,0,0,0,False,6773128344516019205,False,False,False,0,MS4wLjABAAAArG-d-YV3G6gC4XuhMVOi5oXGAb05hF1z50dxs4qtNFaosiV5B0NvNyiMC0Rjl5pe,False,0,False,j.bonethug,False,1649641573,1656010459
46600,166,751,0,2900,2900,289,0,3,1,False,6780853774057522182,False,False,False,0,MS4wLjABAAAA4l1f7RjYiFG3JrBksxWb3_KlO4Z6fLxpWbJchyOlzeiaS7RYbLiho8BrVar3sbaR,False,1,False,leah.reeee,False,1649641573,1656010459
22700,215,792,0,0,0,0,0,0,0,False,6869738694947308549,False,False,False,0,MS4wLjABAAAA2Fj0YsdU_vP46_CHGKRUL-7owoxzxKvDDnudZmtPK8fCHQ_KccFjdi36hitEBK1Z,False,0,False,jaylenqb15,False,1649641573,1656010459
57700,320,280,0,6998,6998,2,0,0,0,False,6853934492320465925,False,False,False,0,MS4wLjABAAAAli1JTgtHAquisa03BI44TM0FL2gAh55-LXNgj8tJvEbJ0FnV1UAe4UNc0mjdo_PT,False,0,False,swavy.jonjon,False,1649641573,1656010459
133700,550,1640,0,7881,7881,28,0,0,0,False,7061341836747228206,False,False,False,0,MS4wLjABAAAAFW7MKG7FS5YA5d6cv7RDb8v2GQeVWsaUq8aWILfRGnlhXO85UWogz_3UMx8-NMpf,False,0,False,_summy07,False,1649641573,1656010459
72400,138,827,0,522,522,12,0,3,3,False,7035062523530298414,False,False,True,0,MS4wLjABAAAAFXQ7CSDTAGmmxco0F666r9aVENBDF1rNYEV1fFgO0TAhX-kLb92UI4SPxlG6asuk,True,3,False,bholat.abdul,False,1649641573,1656010459
423100,265,1414,0,762,762,1,0,3,3,False,6745057708732580870,False,False,False,0,MS4wLjABAAAATupcna69njnHg0J_-aQOFImeGO79Bd4fHpB9gz2UyH6eDmsvIor9yG4p9QANYGRo,False,3,False,ahbreysinamea,False,1649641573,1656010459
364500,462,694,0,4746,4746,0,0,0,0,False,6786074099338200069,False,False,False,0,MS4wLjABAAAAN_ozCgF4LI4Spqjl6E6Vi3HTD1vxbkLJdCujGjgQzwHlsnGMt0r4jM9vTTZq7kse,False,0,False,slimeballchief,False,1649641573,1656010459
38100,239,112,0,4749,4749,6,0,3,1,False,6726388325190829062,False,False,False,0,MS4wLjABAAAAZBjA9nxy-bUegMV3dMyFCrJvxgbFecMV5lNMSyW76UZRAxAh5EsiRsEHRybBuWKx,False,1,False,stackx_x,False,1649641573,1656010459
26800,1111,90,0,29200,29200,50,0,3,1,False,6918296913889723397,False,False,False,0,MS4wLjABAAAAdtxY6bJj9pgUi7iVPR8CLe35qNgnnxvE2PmQZHG644DqqIJyjffFWYSglLMu6Yhl,False,1,False,aka.aaron,False,1649641573,1656010459
82600,349,105,0,69100,69100,15,0,3,1,False,6902123152341353478,False,False,False,0,MS4wLjABAAAAPCef18uy4NjXFdrcLRKLi1O1laach7E5U-EJ5BG4SxDgG0HATr3JxJEfDr3B8Ree,False,1,False,jesko.yesko,False,1649641573,1656010459
173200,294,213,0,1301,1301,6,0,3,1,False,6705927994768704517,False,False,False,0,MS4wLjABAAAAGwcue36bQSsf-W9mkdG4NyGvwj7nIU6ZNdK6Mq-cLYFybvBBephckO_8I3gQo3DF,False,1,False,kaigupp,False,1649641573,1656010459
13500,212,140,0,1775,1775,11,0,0,0,False,7056320663167140910,False,False,False,0,MS4wLjABAAAAChHa6_hiBaJ4aXVwCEhSHxOAFJpuANbJGjWQWJB9UCF5mBAd6Y4KLGt_oNWw-Fwj,False,0,False,youluv._aubs,False,1649641573,1656010459
2321,130,21,0,1059,1059,13,1,3,3,False,7063730337985774638,False,False,False,0,MS4wLjABAAAArkhKC-XtTibgCp7DywOvNzdFmJlKsodxb3fTeJeJTc4lXtkCX9xadN71oPdRUEfB,False,3,False,iamethancole,False,1649641573,1656010459
184100,1278,1168,0,78700,78700,1,0,0,0,False,6847599935173837829,False,False,False,0,MS4wLjABAAAARs04T6Y9Nj2i2yxZmEm0rjmOBpuBPKanuHuWce3zOxVzScPGpAJ_Shqw2WLypcdA,False,0,False,allmyhomiesluvdaisha,False,1649641573,1656010459
109900,215,1621,0,314,314,4,0,3,1,False,6737254497452442629,False,False,False,0,MS4wLjABAAAAd1s4bI58XU8ONOZ8DITkdQHckruRN5XFbv9lcrL2otGi19xBf7-PjTZMtWLHx99s,False,1,False,jerryrosas88,False,1649641573,1656010459
76200,240,535,0,439,439,7,0,0,0,False,6859824004460987398,False,False,False,0,MS4wLjABAAAATd9K-E4qNR8yWXAgArUDoDkORD-umO9EdjpQ9fYem7s9ca65mV0DCkhAyNhuSpuv,False,0,False,iiceyy_,False,1649641573,1656010459
125200,308,739,0,6749,6749,3,0,0,0,False,7045100478540055557,False,False,False,0,MS4wLjABAAAAziQjwPPXckZGC5KeUbaBHQOQglUSP6dsDqmV9N2NCSFo2OrcQd6E6DEyi-UtuSGl,False,0,False,shnowy_vaeh,False,1649641573,1656010459
9628,139,105,0,787,787,8,0,0,0,False,6723201793537557509,False,False,False,0,MS4wLjABAAAAITd5xkTY_UeGJ6KzRyfJw8svdEL0t9yXlutMoG0fCsygd_i4QKB8tQJ-JgSOGdLs,False,0,False,anukaina,False,1649641573,1656010459
101600,1876,366,0,209400,209400,12,0,0,0,False,6585968570672922630,False,False,False,0,MS4wLjABAAAAmIyf9j4NH6sQowD7qNatioPjmGwg8oMnkYZefsYiXe_W9vSdbP8J_AT3XbS15_GE,False,0,False,ceorinne,False,1649641573,1656010459
95200,546,580,0,12100,12100,51,0,3,0,False,6724897145122980870,False,True,False,0,MS4wLjABAAAAl-cf5o9JxVqdjf8WOKh94JLMDGWkcUbChVPyWOOR5wSDAEj5vn9DoQ2W_fGvgdEN,False,3,False,mustafadarsot,False,1649641573,1656010459
3998,299,5,0,12800,12800,7,0,0,0,False,7023055440175547397,False,False,False,0,MS4wLjABAAAAazNbXjaogKY8NYDfqZoFTc90OuPRI8VjpHWNlHdrpsEzDC1QGtvGygZzlns6EpvO,False,0,False,breezyyybellaaa,False,1649641573,1656010459
139300,370,525,0,20000,20000,277,0,3,3,False,6838825510723552261,False,False,True,0,MS4wLjABAAAAZaTlWMugNlL12gWFZLbDKghaf8I82h4GceLQyQQuyekbqX1hl81XAnkdPtjYjrUx,True,3,False,llolaa444,False,1649641573,1656010459
121200,284,423,0,1877,1877,2,0,3,3,False,6686281827365602310,False,False,False,0,MS4wLjABAAAAREdAZe2-EF4BzXZjqEdbwRSp_9LfehxixS79Qt1Gu3cV07Qk3C8LlzhRyUWWGYd_,False,3,False,1eynaaa,False,1649641573,1656010459
102800,418,438,0,6379,6379,74,0,3,3,False,6901044482788492293,False,False,False,0,MS4wLjABAAAAv42KKlw3z0cW_lmXT7fnMS-AVaSRaK5R_0CwkV1lGCcHAOHFYWvDVVRmCEJzH8lj,False,3,False,_hannahj5,False,1649641573,1656010459
182100,543,162,0,9952,9952,42,1,3,3,False,83365495583690752,False,False,False,0,MS4wLjABAAAAwJfhtqvOU4gZ_mf2gepu2cukmdHrNC-Dbed4gEQI1l9sc2UqtHfoA9CtGcjaLxPN,False,3,False,marvy_youssef,False,1649641573,1656010459
181900,248,177,0,4148,4148,9,0,3,3,False,7035879495798752261,False,False,False,0,MS4wLjABAAAAjEoeZsFTP_JjlHsUBJZI_DIelm6LJ13Fn7fm_CEL16zJ5W1U6O5IdEbT3npbOitN,False,3,False,william.pineda28,False,1639290737,1649568506
110200,258,321,0,3520,3520,4,0,0,0,False,6586728338747883525,False,False,False,0,MS4wLjABAAAAh6nqsRJJ1YJw5j6hXefQrAUApweQhKA2MuYwru2d1pFAymdIRNF-QJjO_ajBdZNt,False,0,False,gisellegonzalez_14,False,1639290737,1649568506
79000,391,4246,0,1066,1066,4,0,0,0,False,6749336918112764934,False,False,False,0,MS4wLjABAAAAKT2ID18fnId0zB80B6ALf121YHg8po3fxtRfWumnQnZ1LmdgK7aZ2DNunJ7-NgJb,False,0,False,ciggysaftersexualenjoyer,False,1639290737,1649568506
120100,705,32,0,274,274,1,0,3,3,False,6547863705664667649,False,False,False,0,MS4wLjABAAAACX5XHp8Bdc5I6kKj_JQIyw6BfuYubIHLmms0nWXkce2Y5HPYMBRYj8CPW-O8ljyY,False,3,False,d.ylan.j,False,1639290737,1649568506
85600,120,707,0,804,804,0,0,0,0,False,6821941693018309637,False,False,False,0,MS4wLjABAAAAzEJmHAqZM2tkgahoV_ya53Hu4CyW19bB-nqZeTcd11SXKb6iLHLPpvuuMkDfVvbU,False,0,False,insanity.ignacio,False,1639290737,1649568506
70200,157,188,0,0,0,0,0,0,0,False,6681062973575857158,False,False,False,0,MS4wLjABAAAAheLHf5COa6w_5zSeUqmrK-1to69tWTUQL0k6q3Pigve5WN41x6UwSquSoRzsuVMj,False,0,False,briiannaa444,False,1639290737,1649568506
19700,202,1740,0,0,0,0,0,0,0,False,6760329250160919558,False,False,False,0,MS4wLjABAAAAwHZ9kc1oRMyh9PsIcvhT3o7ukSelxcVPnn6mn7jr0XQZbw_sTBSasBftMTqOxT4R,False,0,False,_ruby.26_,False,1639290737,1649568506
141,73300000,31,0,522400000,522400000,183,0,0,0,False,6727327145951183878,False,False,False,0,MS4wLjABAAAA8ezUaW4ecJX222ObGXxt07F9BIh4QH3-g1P1DHyChT2LLi2cn-vAE2R53-H672ZO,False,0,False,willsmith,True,1639290737,1649568506
175,3,26,0,0,0,0,0,0,0,False,6732104687984608261,False,False,False,0,MS4wLjABAAAAuozitjM4Ad9TYN4Q3sVkg2QkA5PCD8YYudPJa_rmBPpnf-rH8_yCWsp7jzWCnTcG,False,0,False,sillygirl244444444,False,1639290737,1649568506
2223,35,118,0,0,0,0,0,3,1,False,6773149218946188294,False,False,False,0,MS4wLjABAAAACOSoBrxf_EVzZr2FAnpd_LMMyKqQN5Ow_sAcoS0hr-sdU8d4pRXG3icqHO2Hv5Vf,False,1,False,iamjrramirez16,False,1639290737,1649568506
3153,64,179,0,11,11,1,0,0,0,False,6799732660081247237,False,False,False,0,MS4wLjABAAAAuEZDbAnFzdAbobSCbktSu2_53emGAEIc_z5Ta2QAlASI75n8FbLggC0-by2BAhnL,False,0,False,_jaydyn.vocals,False,1639290737,1649568506
46800,435,66,0,1503,1503,0,0,3,3,False,6754432879235171334,False,False,False,0,MS4wLjABAAAAlHsFDszDe9DHvvU99jJOO1LcVyW8rWnWjlt80eGlVPx8OP61x7zpSjosYl4PGk5k,False,3,False,ktslofii,False,1639290737,1649568506
123000,112,1301,0,4,4,0,0,0,0,False,6759563074544108549,False,False,False,0,MS4wLjABAAAABl3uQUQvl5L1PTt0sYhNTJn0lYhhRkU4pZF3wC_8IkKMIMRzENUXw4sC3NfAWeVQ,False,0,False,gonzzo_huncho,False,1639290737,1649568506
168,125,93,0,136,136,0,0,0,0,False,73257032115458048,False,False,False,0,MS4wLjABAAAA2qIf4of7L-XFfPp95I1lAOlg9WbYd61wKoZUHCO4KDV9ztEiFoJGZxO05vr_Mc9V,False,0,False,matthewkrausee,False,1639290737,1649568506
120700,350,364,0,3067,3067,0,0,0,0,False,244653544929148928,False,False,False,0,MS4wLjABAAAATXbOx0TXPi2x074hq9dMC_VeQXtHIFVWG84cUUFm5N4QWnaMSbu61nQJoHX7VpWt,False,0,False,inaya.yyy,False,1639290737,1649568506
749,36,43,0,240,240,3,0,3,3,False,6967006582518547461,False,False,False,0,MS4wLjABAAAAVbIY7xGK3DOUwN1vK7WGpI1c89g4Tj70VgMTroa3oMcm1hoqfOabyD0CafHlnTJ8,False,3,False,danukebros,False,1639290737,1649568506
22200,125,7,0,0,0,0,0,3,3,False,6849840246529360901,False,False,True,0,MS4wLjABAAAA8noBORp3qPKVQvBNlY7oKOKtkBzMgv2cIYAr7v9EtGAv6EDbnF4NU6fE-MAm87L6,True,3,False,randomuser0130392,False,1639290737,1649568506
112100,444,599,0,376,376,1,0,3,0,False,203851214416109568,False,False,False,0,MS4wLjABAAAA9Epo4iaMU2cFBeihi1007_Dqvleb81UoXcEzGOfO5sIkGEovJ6mYk8v0GvGP_sn2,False,0,False,brooke_lillian,False,1639290737,1649568506
49500,279,986,0,1332,1332,31,1,3,3,False,6959360247195108358,False,False,True,0,MS4wLjABAAAAthwosDcBqC50GyQL7sWy6BKhTfKoazMzpCzgijEq4ITOJQ1c7u6_o5I0gKuQ0jFK,True,3,False,elite_fights,False,1639290737,1649568506
45800,448,115,0,1428,1428,0,1,3,3,False,58503460249174016,False,False,False,0,MS4wLjABAAAAgIjFoRpxH6KljyCFDR8ELc_8QcZSKJG3FjzRe5e8f3JytYSL-5ZKZyggMU-Asq51,False,3,False,jasmineortiiiiz,False,1639290737,1649568506
213500,148,255,0,484,484,0,0,3,3,False,6587456482392244229,False,False,True,0,MS4wLjABAAAAgfdXk2dxMSmUWvNE4p-NOGW88oXEYI04JElf18I_lIIPg2rylhXKOHCtX_WknJHM,True,3,False,elena.velasquez,False,1639290737,1649568506
53100,252,1257,0,33,33,0,0,0,0,False,237212731517673472,False,False,False,0,MS4wLjABAAAA2iUwCJ7yPMmOg2OWF-W84nlgmxY_kEp8I6iJGCCPY3n_cbYBizptbRqkUUK4ICW6,False,0,False,melinaaa.rose,False,1639290737,1649568506
102700,350,511,0,389,389,0,0,0,0,False,6612820240881418246,False,False,False,0,MS4wLjABAAAADpgD7H7qxhW8VXxfy5mWHfGAj68sFIpcw21L8wgKf5hAI1mQV2tuO2PsFCDyGVjy,False,0,False,baggyjawns,False,1639290737,1649568506
1832,15,145,0,10,10,2,0,0,0,False,6700613906120197125,False,False,False,0,MS4wLjABAAAA1aPaRimgoob_O6uSHKpiIl1Gq9I02oJDPObXHVYz3smlQ_s7Eo-Esn--nDrUNFck,False,0,False,thatwholeassclown,False,1639290737,1649568506
110100,150,960,0,0,0,0,1,3,3,False,6637699386729283589,False,False,False,0,MS4wLjABAAAA_s3KATIXUltn-a78aMl8MZY8KAMtHUIODjGDflmDkIGlfCid_SM58NoAN9SRFJSC,False,3,False,xhaliexgonnella,False,1639290737,1649568506
198200,2792,495,0,223100,223100,2,0,0,0,False,6718141366583346182,False,False,False,0,MS4wLjABAAAAHoWPnyFXQ95eJA-vgobt5UXLUjOY4sxI30T2_z9sxFYfb9Lau4pIUKTVrwyTNyJb,False,0,False,eemmaariss,False,1639290737,1649568506
291500,776,500,0,30700,30700,23,0,0,3,False,9092521,False,False,False,0,MS4wLjABAAAA5l0tanPvysXGLpfROXAuGy156yef8WGiu6KIzcAyKuI,False,3,False,ilyypriscillaa,False,1639290737,1649568506
28100,5300,188,0,167600,167600,7,0,0,0,False,6741192119601562629,False,False,False,0,MS4wLjABAAAAT7T8Ynj6QR7TdaM9jaAjHc8vFY9kr3g4IwkMRxS4s2bExwuoNniyAUmHXJ4znnw6,False,0,False,chino.lift,False,1639290737,1649568506
52100,271,1307,0,806,806,0,0,3,1,False,6749721319942784005,False,False,False,0,MS4wLjABAAAAkrfMqCaT-7Mf-ATo3wJQ2HNSX4QGYaP7epM-XLY10qbnkP2boQAdYb4Yi4yoJVFo,False,1,False,elijahsantii,False,1639290737,1649568506
12400,1521,819,0,35100,35100,4,0,0,0,False,6744753216901284870,False,False,False,0,MS4wLjABAAAA5X8zO9-snz1L1DkC_2bkb67GF46tBOlJjUqPJ90r1ePJXcBtYobAEFLKPLDTxAXw,False,0,False,georgedabarber,False,1639288500,1639290724
375300,288,778,0,368,368,0,0,0,0,False,6649948587337072645,False,False,False,0,MS4wLjABAAAAYyi6Y-IzVFiabrEr1er3KT742M6Mc0GUCtzIMNhqMGwH34Nm9Eo6RFBANG-uO0KL,False,0,False,melaanieevv,False,1639288500,1639290724
105600,182,245,0,4910,4910,2,0,0,0,False,6981941511567377413,False,False,False,0,MS4wLjABAAAA7vVS53cJpLeP53Cpi9ZKDvPExlD3JEBTR1eZSutqqRzstlyUevEYeFo1LlUhNY2g,False,0,False,babygurl.sunny,False,1639288500,1639290724
177800,382,2212,0,13,13,0,0,3,3,False,6740459052026299397,False,False,False,0,MS4wLjABAAAAI__KHZ61_I3YKWGx9Inj9F-mEQk1sG4DwxdaKYiejjAyRL5rhrCw8msb0pyDhTaa,False,3,False,lebronjames.nutsack,False,1639288500,1639290724
26,15,24,0,0,0,0,0,0,0,False,6761265682812535814,False,False,False,0,MS4wLjABAAAAe87VnADv52hbWA5TrvkQD01WRAffwRhJk7Q62USXT77OmoKcFn-bfzln8S3inYfV,False,0,False,drethekidddddd,False,1639288500,1639290724
3177,17,116,0,0,0,0,0,0,0,False,6601605709162037253,False,False,False,0,MS4wLjABAAAAgzcPOFOEF12i8FhNTRFMA4FIHDq7-1A14vml7vo3BxsPsLSotuE0YYv56cauzMEh,False,0,False,deeius2225,False,1639288500,1639290724
65000,90,33,0,63,63,0,0,0,0,False,6731521559171187717,False,False,False,0,MS4wLjABAAAA_3VQ5eruPUdIzVBRCgfq991uidNb37LX0NCvFUbMlYBubg320svY9iS_Qz5u-fW4,False,0,False,steezmick,False,1639288500,1639290724
214000,194,32,0,94,94,0,0,3,3,False,225932038242037760,False,False,False,0,MS4wLjABAAAA3FVcBIoZ7k67PCAfxAmL6-YSgGbqYoRkw4x83hk0AKEamg5uyUgiILAdUoLI8k_H,False,3,False,kahli.porrazzo,False,1639288500,1639290724
79600,8993,1403,0,180900,180900,4,0,0,0,False,6642164498403065861,False,False,False,0,MS4wLjABAAAAI009L_k4OzIf7XLN_Y1FyQTJa6go7x8UPpnq394K8LgDsWXN9APOWivx5UqEg1Gs,False,0,False,alive.pancho11,False,1639288500,1639290724
12800,177,424,0,565,565,7,0,0,0,False,6696222912322946053,False,False,False,0,MS4wLjABAAAACyVmeLVcWC0uM4JjAObu1Ca-1o8AAp4iotIHepBs1_GVd9ZoRaIXdBmd3pmsuTqq,False,0,False,toonsski,False,1639288500,1639290724
209600,408,3886,0,0,0,0,0,3,3,False,6747370513821860869,False,False,False,0,MS4wLjABAAAASzgy676qVLEQ7Vrw4iYeECyHyTVU2OnW8cJuA7XfGA9KTKYoMcJoiAc1joW7fJOs,False,3,False,brodymiller__,False,1639288500,1639290724
154000,633,3050,0,1930,1930,1,0,0,0,False,6518151737671422991,False,False,False,0,MS4wLjABAAAAOAJbQTOJhUtcbrNC4MD4ceRrFj_y3QmutK6-S2aUMoe8rEHZUduI8ukFuJafzD7r,False,0,False,notleroy,False,1639288500,1639290724
57700,1398,120,0,60100,60100,54,0,0,0,False,6898034606093124613,False,False,False,0,MS4wLjABAAAAR9KQZVIuviIXqXrUZ_boYU6pxwZuhKamNlmLU2ztw92QAepZrquC3Rp3Pbt8Fojn,False,0,False,neondeonnn,False,1639288500,1639290724
128300,5364,778,0,386500,386500,122,0,0,0,False,6792702204149023749,False,False,False,0,MS4wLjABAAAAohWCHB8GIYOew7MSYlDy2HdXZ800wT5dqAiMM2Agj5xz2SPoSBxbaA88yp--Xhm0,False,0,False,deadslimelife,False,1639288500,1639290724
28300,99,259,0,1876,1876,102,0,0,0,False,6628798181755715590,False,False,False,0,MS4wLjABAAAAaT731jHJtdqTOdR1-qVEwll861uahySfxAeSRgApwGPGAwYfVxSPzDEpVhA88Nre,False,0,False,10.14.19,False,1639288500,1639290724
75100,101,100,0,134,134,0,0,0,0,False,6796376803423568902,False,False,False,0,MS4wLjABAAAA7Ia6zs7FxCPSv0sfb4N5HVnlankd_i11vH8efGatF6DVFWZ5LAxUMltXn2Tg6egy,False,0,False,jayy_foolie,False,1639288500,1639290724
213100,2688,1499,0,238300,238300,135,0,0,0,False,6645440020962033670,False,False,False,0,MS4wLjABAAAAZRTDKfUerR9ewjnk2Le-gjGKe_aq6-79oWBi2US4CiWAs5H1rtg6tCLKPCxCfkYI,False,0,False,duhmarizzz,False,1639288500,1639290724
